scores_array1,scores_array2
0.766283524904215,0.233716475095785
0.766283524904215,0.233716475095785
0.766283524904215,0.233716475095785
0.766283524904215,0.233716475095785
0.766283524904215,0.233716475095785
0.766283524904215,0.233716475095785
0.766283524904215,0.233716475095785
0.766283524904215,0.233716475095785
0.766283524904215,0.233716475095785
0.766283524904215,0.233716475095785
0.766283524904215,0.233716475095785
0.766283524904215,0.233716475095785
0.766283524904215,0.233716475095785
0.766283524904215,0.233716475095785
0.766283524904215,0.233716475095785
0.766283524904215,0.233716475095785
0.766283524904215,0.233716475095785
0.766283524904215,0.233716475095785
0.766283524904215,0.233716475095785
0.766283524904215,0.233716475095785
0.766283524904215,0.233716475095785
0.766283524904215,0.233716475095785
0.766283524904215,0.233716475095785
0.766283524904215,0.233716475095785
0.766283524904215,0.233716475095785
0.766283524904215,0.233716475095785
0.766283524904215,0.233716475095785
0.766283524904215,0.233716475095785
0.766283524904215,0.233716475095785
0.766283524904215,0.233716475095785
0.766283524904215,0.233716475095785
0.766283524904215,0.233716475095785
0.766283524904215,0.233716475095785
0.766283524904215,0.233716475095785
0.766283524904215,0.233716475095785
0.766283524904215,0.233716475095785
0.766283524904215,0.233716475095785
0.766283524904215,0.233716475095785
0.766283524904215,0.233716475095785
0.766283524904215,0.233716475095785
0.766283524904215,0.233716475095785
0.766283524904215,0.233716475095785
0.766283524904215,0.233716475095785
0.766283524904215,0.233716475095785
0.766283524904215,0.233716475095785
0.766283524904215,0.233716475095785
0.766283524904215,0.233716475095785
0.766283524904215,0.233716475095785
0.766283524904215,0.233716475095785
0.766283524904215,0.233716475095785
0.766283524904215,0.233716475095785
0.766283524904215,0.233716475095785
0.766283524904215,0.233716475095785
0.766283524904215,0.233716475095785
0.766283524904215,0.233716475095785
0.766283524904215,0.233716475095785
0.766283524904215,0.233716475095785
0.766283524904215,0.233716475095785
0.766283524904215,0.233716475095785
0.766283524904215,0.233716475095785
0.766283524904215,0.233716475095785
0.766283524904215,0.233716475095785
0.766283524904215,0.233716475095785
0.766283524904215,0.233716475095785
0.766283524904215,0.233716475095785
0.766283524904215,0.233716475095785
0.766283524904215,0.233716475095785
0.766283524904215,0.233716475095785
0.766283524904215,0.233716475095785
0.766283524904215,0.233716475095785
0.766283524904215,0.233716475095785
0.766283524904215,0.233716475095785
0.766283524904215,0.233716475095785
0.766283524904215,0.233716475095785
0.766283524904215,0.233716475095785
0.766283524904215,0.233716475095785
0.766283524904215,0.233716475095785
0.766283524904215,0.233716475095785
0.766283524904215,0.233716475095785
0.766283524904215,0.233716475095785
0.766283524904215,0.233716475095785
0.766283524904215,0.233716475095785
0.766283524904215,0.233716475095785
0.766283524904215,0.233716475095785
0.766283524904215,0.233716475095785
0.766283524904215,0.233716475095785
0.766283524904215,0.233716475095785
0.766283524904215,0.233716475095785
0.766283524904215,0.233716475095785
0.766283524904215,0.233716475095785
0.766283524904215,0.233716475095785
0.766283524904215,0.233716475095785
0.766283524904215,0.233716475095785
0.766283524904215,0.233716475095785
0.766283524904215,0.233716475095785
0.766283524904215,0.233716475095785
0.766283524904215,0.233716475095785
0.766283524904215,0.233716475095785
0.766283524904215,0.233716475095785
0.766283524904215,0.233716475095785
0.766283524904215,0.233716475095785
0.766283524904215,0.233716475095785
0.766283524904215,0.233716475095785
0.766283524904215,0.233716475095785
0.766283524904215,0.233716475095785
0.766283524904215,0.233716475095785
0.766283524904215,0.233716475095785
0.766283524904215,0.233716475095785
0.766283524904215,0.233716475095785
0.766283524904215,0.233716475095785
0.766283524904215,0.233716475095785
0.766283524904215,0.233716475095785
0.766283524904215,0.233716475095785
0.766283524904215,0.233716475095785
0.766283524904215,0.233716475095785
0.766283524904215,0.233716475095785
0.766283524904215,0.233716475095785
0.766283524904215,0.233716475095785
0.766283524904215,0.233716475095785
0.766283524904215,0.233716475095785
0.766283524904215,0.233716475095785
0.766283524904215,0.233716475095785
0.766283524904215,0.233716475095785
0.766283524904215,0.233716475095785
0.766283524904215,0.233716475095785
0.766283524904215,0.233716475095785
0.766283524904215,0.233716475095785
0.766283524904215,0.233716475095785
0.766283524904215,0.233716475095785
0.766283524904215,0.233716475095785
0.766283524904215,0.233716475095785
0.766283524904215,0.233716475095785
0.766283524904215,0.233716475095785
0.766283524904215,0.233716475095785
0.766283524904215,0.233716475095785
0.766283524904215,0.233716475095785
0.766283524904215,0.233716475095785
0.766283524904215,0.233716475095785
0.766283524904215,0.233716475095785
0.766283524904215,0.233716475095785
0.766283524904215,0.233716475095785
0.766283524904215,0.233716475095785
0.766283524904215,0.233716475095785
0.766283524904215,0.233716475095785
0.766283524904215,0.233716475095785
0.766283524904215,0.233716475095785
0.766283524904215,0.233716475095785
0.766283524904215,0.233716475095785
0.766283524904215,0.233716475095785
0.766283524904215,0.233716475095785
0.766283524904215,0.233716475095785
0,1
0.766283524904215,0.233716475095785
0.766283524904215,0.233716475095785
0,1
0.766283524904215,0.233716475095785
0.766283524904215,0.233716475095785
0,1
0.766283524904215,0.233716475095785
0.766283524904215,0.233716475095785
0,1
0.766283524904215,0.233716475095785
0.766283524904215,0.233716475095785
0,1
0.766283524904215,0.233716475095785
0.766283524904215,0.233716475095785
0,1
0.766283524904215,0.233716475095785
0.766283524904215,0.233716475095785
0.766283524904215,0.233716475095785
0.766283524904215,0.233716475095785
0.766283524904215,0.233716475095785
0.766283524904215,0.233716475095785
0.766283524904215,0.233716475095785
0.766283524904215,0.233716475095785
0.766283524904215,0.233716475095785
0.766283524904215,0.233716475095785
0.766283524904215,0.233716475095785
0.766283524904215,0.233716475095785
0.766283524904215,0.233716475095785
0.766283524904215,0.233716475095785
0.766283524904215,0.233716475095785
0.766283524904215,0.233716475095785
0.766283524904215,0.233716475095785
0.766283524904215,0.233716475095785
0.766283524904215,0.233716475095785
0.766283524904215,0.233716475095785
0,1
0.766283524904215,0.233716475095785
0.766283524904215,0.233716475095785
0,1
0.766283524904215,0.233716475095785
0.766283524904215,0.233716475095785
0,1
0.766283524904215,0.233716475095785
0.766283524904215,0.233716475095785
0,1
0.766283524904215,0.233716475095785
0.766283524904215,0.233716475095785
0,1
0.766283524904215,0.233716475095785
0.766283524904215,0.233716475095785
0.766283524904215,0.233716475095785
0.766283524904215,0.233716475095785
0.766283524904215,0.233716475095785
0.766283524904215,0.233716475095785
0.766283524904215,0.233716475095785
0.766283524904215,0.233716475095785
0.766283524904215,0.233716475095785
0.766283524904215,0.233716475095785
0.766283524904215,0.233716475095785
0.766283524904215,0.233716475095785
0.766283524904215,0.233716475095785
0.766283524904215,0.233716475095785
0,1
0.766283524904215,0.233716475095785
0.766283524904215,0.233716475095785
0,1
0.766283524904215,0.233716475095785
0.766283524904215,0.233716475095785
0,1
0.766283524904215,0.233716475095785
0.766283524904215,0.233716475095785
0,1
0.766283524904215,0.233716475095785
0.766283524904215,0.233716475095785
0,1
0.766283524904215,0.233716475095785
0.766283524904215,0.233716475095785
0,1
0.766283524904215,0.233716475095785
0.766283524904215,0.233716475095785
0,1
0.766283524904215,0.233716475095785
0.766283524904215,0.233716475095785
0,1
0.766283524904215,0.233716475095785
0.766283524904215,0.233716475095785
0,1
0.766283524904215,0.233716475095785
0.766283524904215,0.233716475095785
0,1
0.766283524904215,0.233716475095785
0.766283524904215,0.233716475095785
0,1
0.766283524904215,0.233716475095785
0.766283524904215,0.233716475095785
0,1
0.766283524904215,0.233716475095785
0.766283524904215,0.233716475095785
0,1
0.766283524904215,0.233716475095785
0.766283524904215,0.233716475095785
0,1
0.766283524904215,0.233716475095785
0.766283524904215,0.233716475095785
0,1
0.766283524904215,0.233716475095785
0.766283524904215,0.233716475095785
0,1
0.766283524904215,0.233716475095785
0.766283524904215,0.233716475095785
0,1
0.766283524904215,0.233716475095785
0.766283524904215,0.233716475095785
0,1
0.766283524904215,0.233716475095785
0.766283524904215,0.233716475095785
0.766283524904215,0.233716475095785
0.766283524904215,0.233716475095785
0.766283524904215,0.233716475095785
0,1
0.766283524904215,0.233716475095785
0.766283524904215,0.233716475095785
0,1
0.766283524904215,0.233716475095785
0.766283524904215,0.233716475095785
0,1
0.766283524904215,0.233716475095785
0.766283524904215,0.233716475095785
0,1
0.766283524904215,0.233716475095785
0.766283524904215,0.233716475095785
0,1
0.766283524904215,0.233716475095785
0.766283524904215,0.233716475095785
0,1
0.766283524904215,0.233716475095785
0.766283524904215,0.233716475095785
0,1
0.766283524904215,0.233716475095785
0.766283524904215,0.233716475095785
0,1
0.766283524904215,0.233716475095785
0.766283524904215,0.233716475095785
0,1
0.766283524904215,0.233716475095785
0.766283524904215,0.233716475095785
0,1
0.766283524904215,0.233716475095785
0.766283524904215,0.233716475095785
0,1
0.766283524904215,0.233716475095785
0.766283524904215,0.233716475095785
0,1
0.766283524904215,0.233716475095785
0.766283524904215,0.233716475095785
0,1
0.766283524904215,0.233716475095785
0.766283524904215,0.233716475095785
0,1
0.766283524904215,0.233716475095785
0.766283524904215,0.233716475095785
0.766283524904215,0.233716475095785
0.766283524904215,0.233716475095785
0.766283524904215,0.233716475095785
0.766283524904215,0.233716475095785
0.766283524904215,0.233716475095785
0.766283524904215,0.233716475095785
0.766283524904215,0.233716475095785
0.766283524904215,0.233716475095785
0.766283524904215,0.233716475095785
0.766283524904215,0.233716475095785
0.766283524904215,0.233716475095785
0.766283524904215,0.233716475095785
0.766283524904215,0.233716475095785
0.766283524904215,0.233716475095785
0.766283524904215,0.233716475095785
0.766283524904215,0.233716475095785
0.766283524904215,0.233716475095785
0.766283524904215,0.233716475095785
0.766283524904215,0.233716475095785
0.766283524904215,0.233716475095785
0.766283524904215,0.233716475095785
0.766283524904215,0.233716475095785
0.766283524904215,0.233716475095785
0.766283524904215,0.233716475095785
0.766283524904215,0.233716475095785
0.766283524904215,0.233716475095785
0.766283524904215,0.233716475095785
0,1
0.766283524904215,0.233716475095785
0.766283524904215,0.233716475095785
0.766283524904215,0.233716475095785
0.766283524904215,0.233716475095785
0.766283524904215,0.233716475095785
0.766283524904215,0.233716475095785
0.766283524904215,0.233716475095785
0.766283524904215,0.233716475095785
0.766283524904215,0.233716475095785
0.766283524904215,0.233716475095785
0.766283524904215,0.233716475095785
0.766283524904215,0.233716475095785
0.766283524904215,0.233716475095785
0.766283524904215,0.233716475095785
0.766283524904215,0.233716475095785
0.766283524904215,0.233716475095785
0.766283524904215,0.233716475095785
0.766283524904215,0.233716475095785
0,1
0.766283524904215,0.233716475095785
0.766283524904215,0.233716475095785
0.766283524904215,0.233716475095785
0.766283524904215,0.233716475095785
0.766283524904215,0.233716475095785
0.766283524904215,0.233716475095785
0.766283524904215,0.233716475095785
0.766283524904215,0.233716475095785
0.766283524904215,0.233716475095785
0.766283524904215,0.233716475095785
0.766283524904215,0.233716475095785
0.766283524904215,0.233716475095785
0.766283524904215,0.233716475095785
0.766283524904215,0.233716475095785
0.766283524904215,0.233716475095785
0.766283524904215,0.233716475095785
0.766283524904215,0.233716475095785
0.766283524904215,0.233716475095785
0.766283524904215,0.233716475095785
0.766283524904215,0.233716475095785
0.766283524904215,0.233716475095785
0.766283524904215,0.233716475095785
0,1
0.766283524904215,0.233716475095785
0.766283524904215,0.233716475095785
0.766283524904215,0.233716475095785
0.766283524904215,0.233716475095785
0.766283524904215,0.233716475095785
0.766283524904215,0.233716475095785
0.766283524904215,0.233716475095785
0.766283524904215,0.233716475095785
0.766283524904215,0.233716475095785
0.766283524904215,0.233716475095785
0.766283524904215,0.233716475095785
0.766283524904215,0.233716475095785
0.766283524904215,0.233716475095785
0.766283524904215,0.233716475095785
0.766283524904215,0.233716475095785
0.766283524904215,0.233716475095785
0.766283524904215,0.233716475095785
0.233150630554194,0.766849369445806
0.340794127972931,0.659205872027069
0.233150630554194,0.766849369445806
0.66282611646357,0.33717388353643
0.340794127972931,0.659205872027069
0.233150630554194,0.766849369445806
0.916036711700355,0.0839632882996454
0.340794127972931,0.659205872027069
1,0
0.66282611646357,0.33717388353643
0.0852143297264395,0.914785670273561
0.125971047900851,0.874028952099149
1,0
0.340794127972931,0.659205872027069
0.0519380329571411,0.948061967042859
1,0
0.340794127972931,0.659205872027069
0.233150630554194,0.766849369445806
0.233150630554194,0.766849369445806
0.233150630554194,0.766849369445806
0.233150630554194,0.766849369445806
1,0
0.340794127972931,0.659205872027069
0.125971047900851,0.874028952099149
1,0
0.805828369524908,0.194171630475092
0.233150630554194,0.766849369445806
0.233150630554194,0.766849369445806
1,0
0.0519380329571411,0.948061967042859
0.233150630554194,0.766849369445806
0.340794127972931,0.659205872027069
0.233150630554194,0.766849369445806
1,0
0.0852143297264395,0.914785670273561
0.233150630554194,0.766849369445806
0.233150630554194,0.766849369445806
0.0519380329571411,0.948061967042859
0.0519380329571411,0.948061967042859
0.233150630554194,0.766849369445806
0.233150630554194,0.766849369445806
0.0519380329571411,0.948061967042859
0.233150630554194,0.766849369445806
0.340794127972931,0.659205872027069
0.958389079371128,0.0416109206288718
0.233150630554194,0.766849369445806
0.233150630554194,0.766849369445806
0.125971047900851,0.874028952099149
0.233150630554194,0.766849369445806
0.233150630554194,0.766849369445806
0.233150630554194,0.766849369445806
1,0
0.233150630554194,0.766849369445806
0.0519380329571411,0.948061967042859
0.0519380329571411,0.948061967042859
0.233150630554194,0.766849369445806
0.233150630554194,0.766849369445806
0.916036711700355,0.0839632882996454
0.340794127972931,0.659205872027069
0.0253123592675189,0.974687640732481
1,0
0.340794127972931,0.659205872027069
0.125971047900851,0.874028952099149
1,0
0.0519380329571411,0.948061967042859
0.233150630554194,0.766849369445806
0.233150630554194,0.766849369445806
0.340794127972931,0.659205872027069
0.125971047900851,0.874028952099149
0.233150630554194,0.766849369445806
0.233150630554194,0.766849369445806
0.233150630554194,0.766849369445806
0.233150630554194,0.766849369445806
0.233150630554194,0.766849369445806
0.233150630554194,0.766849369445806
0.233150630554194,0.766849369445806
0.340794127972931,0.659205872027069
0.125971047900851,0.874028952099149
0.233150630554194,0.766849369445806
1,0
0.125971047900851,0.874028952099149
1,0
0.233150630554194,0.766849369445806
0.233150630554194,0.766849369445806
0.233150630554194,0.766849369445806
1,0
0.233150630554194,0.766849369445806
0.233150630554194,0.766849369445806
0.233150630554194,0.766849369445806
0.233150630554194,0.766849369445806
0.233150630554194,0.766849369445806
0.0519380329571411,0.948061967042859
0.233150630554194,0.766849369445806
0.233150630554194,0.766849369445806
0.233150630554194,0.766849369445806
0.233150630554194,0.766849369445806
0.66282611646357,0.33717388353643
0.340794127972931,0.659205872027069
0.233150630554194,0.766849369445806
0.233150630554194,0.766849369445806
0.33934832703927,0.66065167296073
0.33934832703927,0.66065167296073
0.536119616955064,0.463880383044936
0.33934832703927,0.66065167296073
0.33934832703927,0.66065167296073
0.33934832703927,0.66065167296073
0.233111344452255,0.766888655547745
0.33934832703927,0.66065167296073
1,0
0.233111344452255,0.766888655547745
0.33934832703927,0.66065167296073
0.33934832703927,0.66065167296073
0.33934832703927,0.66065167296073
0.33934832703927,0.66065167296073
0.33934832703927,0.66065167296073
0,1
0.33934832703927,0.66065167296073
0.33934832703927,0.66065167296073
0.33934832703927,0.66065167296073
0.33934832703927,0.66065167296073
0.33934832703927,0.66065167296073
0.33934832703927,0.66065167296073
0.33934832703927,0.66065167296073
0.33934832703927,0.66065167296073
0.233111344452255,0.766888655547745
0,1
0.33934832703927,0.66065167296073
0.33934832703927,0.66065167296073
0.33934832703927,0.66065167296073
0.33934832703927,0.66065167296073
1,0
0.113800619020229,0.886199380979771
1,0
0.33934832703927,0.66065167296073
0.33934832703927,0.66065167296073
0.33934832703927,0.66065167296073
0.233111344452255,0.766888655547745
0.33934832703927,0.66065167296073
0.33934832703927,0.66065167296073
0.33934832703927,0.66065167296073
0.33934832703927,0.66065167296073
0.33934832703927,0.66065167296073
0.233111344452255,0.766888655547745
0.570052201163976,0.429947798836024
0.33934832703927,0.66065167296073
0.33934832703927,0.66065167296073
0.33934832703927,0.66065167296073
0,1
0.33934832703927,0.66065167296073
0.33934832703927,0.66065167296073
0.33934832703927,0.66065167296073
0,1
0.33934832703927,0.66065167296073
0.33934832703927,0.66065167296073
0.33934832703927,0.66065167296073
0.33934832703927,0.66065167296073
0.536119616955064,0.463880383044936
0.33934832703927,0.66065167296073
0.33934832703927,0.66065167296073
0.33934832703927,0.66065167296073
0.33934832703927,0.66065167296073
0.33934832703927,0.66065167296073
0.33934832703927,0.66065167296073
0.233111344452255,0.766888655547745
0,1
0.570052201163976,0.429947798836024
0.233111344452255,0.766888655547745
0.33934832703927,0.66065167296073
0.33934832703927,0.66065167296073
0.233111344452255,0.766888655547745
0,1
0.33934832703927,0.66065167296073
0.33934832703927,0.66065167296073
0.33934832703927,0.66065167296073
0.664498351034159,0.335501648965841
0.589905362776025,0.410094637223975
0.33934832703927,0.66065167296073
0.33934832703927,0.66065167296073
0.33934832703927,0.66065167296073
0.33934832703927,0.66065167296073
0.33934832703927,0.66065167296073
0.33934832703927,0.66065167296073
0.33934832703927,0.66065167296073
0,1
0.33934832703927,0.66065167296073
0.33934832703927,0.66065167296073
0.536119616955064,0.463880383044936
0.233111344452255,0.766888655547745
0,1
0.33934832703927,0.66065167296073
0.33934832703927,0.66065167296073
0,1
0.664498351034159,0.335501648965841
0.33934832703927,0.66065167296073
0,1
0.33934832703927,0.66065167296073
0.233111344452255,0.766888655547745
0.33934832703927,0.66065167296073
0.33934832703927,0.66065167296073
0.33934832703927,0.66065167296073
0.46243786943747,0.53756213056253
0.46243786943747,0.53756213056253
0.339011342194207,0.660988657805793
0.46243786943747,0.53756213056253
0.46243786943747,0.53756213056253
0.422863793605121,0.577136206394879
0.781878733230765,0.218121266769235
0.46243786943747,0.53756213056253
0.339011342194207,0.660988657805793
0.46243786943747,0.53756213056253
0.46243786943747,0.53756213056253
0.46243786943747,0.53756213056253
0.46243786943747,0.53756213056253
0.46243786943747,0.53756213056253
0.339011342194207,0.660988657805793
0.46243786943747,0.53756213056253
0.46243786943747,0.53756213056253
0.681240281715906,0.318759718284094
0.00309056560403408,0.996909434395966
0.46243786943747,0.53756213056253
0.339011342194207,0.660988657805793
0.0326134881280323,0.967386511871968
0.46243786943747,0.53756213056253
0.339011342194207,0.660988657805793
0.46243786943747,0.53756213056253
0.356240943903954,0.643759056096046
0.339011342194207,0.660988657805793
0.46243786943747,0.53756213056253
0.46243786943747,0.53756213056253
0.339011342194207,0.660988657805793
0.46243786943747,0.53756213056253
0.46243786943747,0.53756213056253
0.624664245038547,0.375335754961453
0.46243786943747,0.53756213056253
0.462488252351821,0.537511747648179
0.46243786943747,0.53756213056253
0.46243786943747,0.53756213056253
0.5,0.5
0.339011342194207,0.660988657805793
0.00309056560403408,0.996909434395966
0.46243786943747,0.53756213056253
0.681240281715906,0.318759718284094
0.46243786943747,0.53756213056253
0.46243786943747,0.53756213056253
0.339011342194207,0.660988657805793
0.46243786943747,0.53756213056253
0.624664245038547,0.375335754961453
0.339011342194207,0.660988657805793
0.46243786943747,0.53756213056253
0.46243786943747,0.53756213056253
0.339011342194207,0.660988657805793
0.0326134881280323,0.967386511871968
0.46243786943747,0.53756213056253
0.339011342194207,0.660988657805793
0.46243786943747,0.53756213056253
0.46243786943747,0.53756213056253
0.46243786943747,0.53756213056253
0.46243786943747,0.53756213056253
0.46243786943747,0.53756213056253
0.46243786943747,0.53756213056253
0.46243786943747,0.53756213056253
0.46243786943747,0.53756213056253
0.46243786943747,0.53756213056253
0.032619883066067,0.967380116933933
0.624664245038547,0.375335754961453
0.339011342194207,0.660988657805793
0.0326134881280323,0.967386511871968
1,0
0.46243786943747,0.53756213056253
0.46243786943747,0.53756213056253
0.356287425149701,0.643712574850299
0.46243786943747,0.53756213056253
0.46243786943747,0.53756213056253
0.46243786943747,0.53756213056253
0.339011342194207,0.660988657805793
0.0326134881280323,0.967386511871968
0.46243786943747,0.53756213056253
0.339011342194207,0.660988657805793
0.0326134881280323,0.967386511871968
0.46243786943747,0.53756213056253
0.356240943903954,0.643759056096046
0.46243786943747,0.53756213056253
0.46243786943747,0.53756213056253
0.46243786943747,0.53756213056253
0.0326134881280323,0.967386511871968
0.46243786943747,0.53756213056253
0.339011342194207,0.660988657805793
1,0
0.46243786943747,0.53756213056253
0.46243786943747,0.53756213056253
0.0326134881280323,0.967386511871968
0.356240943903954,0.643759056096046
0.339011342194207,0.660988657805793
0.0326134881280323,0.967386511871968
0.356240943903954,0.643759056096046
0.339011342194207,0.660988657805793
0.123176054464664,0.876823945535336
1,0
0.46243786943747,0.53756213056253
0.781878733230765,0.218121266769235
0.652414543756487,0.347585456243513
0.600117017377248,0.399882982622752
0.43157707562559,0.56842292437441
0.652414543756487,0.347585456243513
0.600117017377248,0.399882982622752
0.652414543756487,0.347585456243513
0.53758259114101,0.46241740885899
1,0
0.895626317562616,0.104373682437384
0.652414543756487,0.347585456243513
0.652414543756487,0.347585456243513
0.652414543756487,0.347585456243513
0.106047271501848,0.893952728498152
0.600117017377248,0.399882982622752
0.652414543756487,0.347585456243513
0.600117017377248,0.399882982622752
0.652414543756487,0.347585456243513
0.895626317562616,0.104373682437384
0.652414543756487,0.347585456243513
0.652414543756487,0.347585456243513
0.895626317562616,0.104373682437384
0.652414543756487,0.347585456243513
0.600117017377248,0.399882982622752
0.652414543756487,0.347585456243513
0.652414543756487,0.347585456243513
0.600117017377248,0.399882982622752
0.795305345498327,0.204694654501673
0.652414543756487,0.347585456243513
0.142424680593981,0.857575319406019
0.652414543756487,0.347585456243513
0,1
0.142424680593981,0.857575319406019
0.652414543756487,0.347585456243513
0.652414543756487,0.347585456243513
0.600117017377248,0.399882982622752
0.652414543756487,0.347585456243513
0.652414543756487,0.347585456243513
0.652414543756487,0.347585456243513
0.652414543756487,0.347585456243513
0.652414543756487,0.347585456243513
0.600117017377248,0.399882982622752
0.652414543756487,0.347585456243513
0.652414543756487,0.347585456243513
0.652414543756487,0.347585456243513
0.652414543756487,0.347585456243513
0.652414543756487,0.347585456243513
0.600117017377248,0.399882982622752
0.652414543756487,0.347585456243513
0.652414543756487,0.347585456243513
0.600117017377248,0.399882982622752
0.895626317562616,0.104373682437384
0.652414543756487,0.347585456243513
0.600117017377248,0.399882982622752
0.652414543756487,0.347585456243513
0,1
0.600117017377248,0.399882982622752
0.652414543756487,0.347585456243513
0.106047271501848,0.893952728498152
0.652414543756487,0.347585456243513
0.652414543756487,0.347585456243513
0.142424680593981,0.857575319406019
0.600117017377248,0.399882982622752
0.895626317562616,0.104373682437384
0.652414543756487,0.347585456243513
0.652414543756487,0.347585456243513
0.652414543756487,0.347585456243513
0.652414543756487,0.347585456243513
0.600117017377248,0.399882982622752
0.895626317562616,0.104373682437384
0.652414543756487,0.347585456243513
0.600117017377248,0.399882982622752
0.652414543756487,0.347585456243513
0.652414543756487,0.347585456243513
0.600117017377248,0.399882982622752
0.652414543756487,0.347585456243513
0.652414543756487,0.347585456243513
0.600117017377248,0.399882982622752
0.652414543756487,0.347585456243513
0.652414543756487,0.347585456243513
0.600117017377248,0.399882982622752
0.652414543756487,0.347585456243513
0.652414543756487,0.347585456243513
0.652414543756487,0.347585456243513
0.652414543756487,0.347585456243513
0.652414543756487,0.347585456243513
0.652414543756487,0.347585456243513
0.652414543756487,0.347585456243513
0.652414543756487,0.347585456243513
0.600117017377248,0.399882982622752
0.652414543756487,0.347585456243513
0,1
0.600117017377248,0.399882982622752
0.895626317562616,0.104373682437384
0.53758259114101,0.46241740885899
0.652414543756487,0.347585456243513
0.895626317562616,0.104373682437384
0.652414543756487,0.347585456243513
0.600117017377248,0.399882982622752
0.652414543756487,0.347585456243513
0.142424680593981,0.857575319406019
0.545294799899415,0.195612687807801
0.740907487707215,0
0.338867610722816,0.402039876984399
0.405092372155512,0.335815115551703
0.740907487707215,0
0,0.740907487707215
0.545294799899415,0.195612687807801
0,0.740907487707215
0,0.740907487707215
0.545294799899415,0.195612687807801
0.545294799899415,0.195612687807801
0.5,0.5
0.545294799899415,0.195612687807801
0.545294799899415,0.195612687807801
0.545294799899415,0.195612687807801
0.545294799899415,0.195612687807801
0.545294799899415,0.195612687807801
0.546225893130181,0.195946697318809
0.545294799899415,0.195612687807801
0.545294799899415,0.195612687807801
0.545294799899415,0.195612687807801
0.662044202777459,0.0788632849297563
0.545294799899415,0.195612687807801
0.545294799899415,0.195612687807801
0.545294799899415,0.195612687807801
0.545294799899415,0.195612687807801
0.0934967404028952,0.648044634088742
0.545294799899415,0.195612687807801
0.545294799899415,0.195612687807801
0,0.471901501781643
0.545294799899415,0.195612687807801
0.704808210159123,0.0360992775480922
0.5,0.5
0.545294799899415,0.195612687807801
0.740907487707215,0
0.546225893130181,0.195946697318809
0.704808210159123,0.0360992775480922
0.545294799899415,0.195612687807801
0.338867610722816,0.402039876984399
0.704808210159123,0.0360992775480922
0.704808210159123,0.0360992775480922
0.347311154571489,0.124590347210154
0.704808210159123,0.0360992775480922
0.545294799899415,0.195612687807801
0,0.471901501781643
0.477187137136798,0.263720350570417
0.545294799899415,0.195612687807801
0,0.471901501781643
0.545294799899415,0.195612687807801
0.704808210159123,0.0360992775480922
0,0.740907487707215
0.545294799899415,0.195612687807801
0.545294799899415,0.195612687807801
0,0.471901501781643
0.545294799899415,0.195612687807801
0.740907487707215,0
0.347311154571489,0.124590347210154
0.0934967404028952,0.648044634088742
0.545294799899415,0.195612687807801
0.347311154571489,0.124590347210154
0.545294799899415,0.195612687807801
0.545294799899415,0.195612687807801
0.347311154571489,0.124590347210154
0.545294799899415,0.195612687807801
0.740907487707215,0
0.545294799899415,0.195612687807801
0.545294799899415,0.195612687807801
0.545294799899415,0.195612687807801
0.545294799899415,0.195612687807801
0.545294799899415,0.195612687807801
0.545294799899415,0.195612687807801
0.405092372155512,0.335815115551703
0,0.740907487707215
0.740907487707215,0
0.545294799899415,0.195612687807801
0.545294799899415,0.195612687807801
0.740907487707215,0
0.545294799899415,0.195612687807801
0.545294799899415,0.195612687807801
0.545294799899415,0.195612687807801
0.545294799899415,0.195612687807801
0.545294799899415,0.195612687807801
0.545294799899415,0.195612687807801
0.347311154571489,0.124590347210154
0.704808210159123,0.0360992775480922
0.704808210159123,0.0360992775480922
0.704808210159123,0.0360992775480922
0.545294799899415,0.195612687807801
0.545294799899415,0.195612687807801
0.545294799899415,0.195612687807801
0.545294799899415,0.195612687807801
0.545294799899415,0.195612687807801
0.545294799899415,0.195612687807801
0.545294799899415,0.195612687807801
0,0.740907487707215
0.5,0.5
0.545294799899415,0.195612687807801
0.704808210159123,0.0360992775480922
0.177392064013847,0.210461789021413
0.545294799899415,0.195612687807801
0.688833009146153,0.178060585509865
0.688833009146153,0.178060585509865
0.688833009146153,0.178060585509865
0.688833009146153,0.178060585509865
0.866893594656018,0
0.688833009146153,0.178060585509865
0.688833009146153,0.178060585509865
0.688833009146153,0.178060585509865
0.554173235819578,0.30942339375851
0.688833009146153,0.178060585509865
0.758758464712599,0.1961360368818
0.688833009146153,0.178060585509865
0.688833009146153,0.178060585509865
0.688833009146153,0.178060585509865
0.554173235819578,0.30942339375851
0.688833009146153,0.178060585509865
0.2535048478032,0.369597538192965
0.0960013096467957,0.302324755187368
0.44841950462472,0.429566068707589
0.260301232862999,0.379506331687372
0.688833009146153,0.178060585509865
0.688833009146153,0.178060585509865
0.758758464712599,0.1961360368818
0.554173235819578,0.30942339375851
0.688833009146153,0.178060585509865
0.557720326482444,0.406564334872427
0.554173235819578,0.30942339375851
0.688833009146153,0.178060585509865
0.688833009146153,0.178060585509865
0.688833009146153,0.178060585509865
0.688833009146153,0.178060585509865
0.688833009146153,0.178060585509865
0.688833009146153,0.178060585509865
0.688833009146153,0.178060585509865
0.688833009146153,0.178060585509865
0.688833009146153,0.178060585509865
0.44841950462472,0.429566068707589
0.688833009146153,0.178060585509865
0.688833009146153,0.178060585509865
0.688833009146153,0.178060585509865
0.2535048478032,0.369597538192965
0.688833009146153,0.178060585509865
0.867837051131661,0
0.688833009146153,0.178060585509865
0.688833009146153,0.178060585509865
0.688833009146153,0.178060585509865
0.688833009146153,0.178060585509865
0.554173235819578,0.30942339375851
0.368773460490972,0.498120134165046
0.688833009146153,0.178060585509865
0.688833009146153,0.178060585509865
0.688833009146153,0.178060585509865
0.715041209929323,0.151852384726695
0.688833009146153,0.178060585509865
0.688833009146153,0.178060585509865
0.753419111395123,0.113474483260894
0.688833009146153,0.178060585509865
0.368773460490972,0.498120134165046
0.817493683442596,0.134249626585819
0.688833009146153,0.178060585509865
0.688833009146153,0.178060585509865
0.688833009146153,0.178060585509865
0.554173235819578,0.30942339375851
0.688833009146153,0.178060585509865
0.688833009146153,0.178060585509865
0.753419111395123,0.113474483260894
0.688833009146153,0.178060585509865
0.688833009146153,0.178060585509865
0.554173235819578,0.30942339375851
0.485107472948192,0.381786121707827
0.688833009146153,0.178060585509865
0.688833009146153,0.178060585509865
0.688833009146153,0.178060585509865
0.744612576081026,0.122281018574992
0.688833009146153,0.178060585509865
0.688833009146153,0.178060585509865
0.688833009146153,0.178060585509865
0.688833009146153,0.178060585509865
0.688833009146153,0.178060585509865
0.787627136691264,0.167267364903135
0.688833009146153,0.178060585509865
0.688833009146153,0.178060585509865
0.30748782563231,0.484166215801656
0.59202502413085,0.271571605447238
0.44841950462472,0.429566068707589
0,0.866893594656018
0.688833009146153,0.178060585509865
0.44841950462472,0.429566068707589
0.673511182793203,0.174099954507485
0.554173235819578,0.30942339375851
0.44841950462472,0.429566068707589
0.621193706989381,0.226417430311306
0.688833009146153,0.178060585509865
0.688833009146153,0.178060585509865
0,0.780515466487636
0.554173235819578,0.30942339375851
0.688833009146153,0.178060585509865
0.699136430239219,0.148474707061469
0.688833009146153,0.178060585509865
0.688833009146153,0.178060585509865
0.556611490120595,0.192683034121282
0.428912340194311,0.571087659805689
0.428912340194311,0.571087659805689
0.593688111430574,0.155606412811302
0.672223786003999,0.327776213996001
0.428912340194311,0.571087659805689
0.428912340194311,0.571087659805689
0.428912340194311,0.571087659805689
0,1
1,0
0.428912340194311,0.571087659805689
0,1
0.428912340194311,0.571087659805689
0.428912340194311,0.571087659805689
0.428912340194311,0.571087659805689
0.428912340194311,0.571087659805689
0.672223786003999,0.327776213996001
0.428912340194311,0.571087659805689
0.428912340194311,0.571087659805689
0.428912340194311,0.571087659805689
0.0852718714100509,0.914728128589949
0.240803256217095,0.508491268024782
0.672223786003999,0.327776213996001
0.428912340194311,0.571087659805689
0.428912340194311,0.571087659805689
0.428912340194311,0.571087659805689
0.0852718714100509,0.914728128589949
0.428912340194311,0.571087659805689
0.672223786003999,0.327776213996001
0.428912340194311,0.571087659805689
0.289213495881081,0.211726254501599
0.428912340194311,0.571087659805689
0.428912340194311,0.571087659805689
0.428912340194311,0.571087659805689
0.428912340194311,0.571087659805689
0.428912340194311,0.571087659805689
0.428912340194311,0.571087659805689
0.428912340194311,0.571087659805689
0.428912340194311,0.571087659805689
0.792329440858063,0.207670559141937
0.428912340194311,0.571087659805689
0.428912340194311,0.571087659805689
0.428912340194311,0.571087659805689
0.428912340194311,0.571087659805689
0.0852718714100509,0.914728128589949
0.5,0.5
0.428912340194311,0.571087659805689
0.428912340194311,0.571087659805689
0.428912340194311,0.571087659805689
0.428912340194311,0.571087659805689
0,1
0.428912340194311,0.571087659805689
0.428912340194311,0.571087659805689
0.428912340194311,0.571087659805689
0.577341877261974,0.422658122738026
0.428912340194311,0.571087659805689
0.428912340194311,0.571087659805689
0.428912340194311,0.571087659805689
0.672223786003999,0.327776213996001
0,1
0.428912340194311,0.571087659805689
0.428912340194311,0.571087659805689
0.428912340194311,0.571087659805689
1,0
0.672223786003999,0.327776213996001
0.240803256217095,0.508491268024782
0.428912340194311,0.571087659805689
0.428912340194311,0.571087659805689
0.428912340194311,0.571087659805689
0.44034299709069,0.55965700290931
0.428912340194311,0.571087659805689
0.0852718714100509,0.914728128589949
0.428912340194311,0.571087659805689
0.428912340194311,0.571087659805689
0.0852718714100509,0.914728128589949
0.428912340194311,0.571087659805689
0.428912340194311,0.571087659805689
0.428912340194311,0.571087659805689
0.428912340194311,0.571087659805689
0.428912340194311,0.571087659805689
0.0852718714100509,0.914728128589949
0.792329440858063,0.207670559141937
0.672223786003999,0.327776213996001
0.428912340194311,0.571087659805689
0.428912340194311,0.571087659805689
0.428912340194311,0.571087659805689
0.0852718714100509,0.914728128589949
0.428912340194311,0.571087659805689
0.428912340194311,0.571087659805689
0.428912340194311,0.571087659805689
0.577341877261974,0.422658122738026
0.428912340194311,0.571087659805689
0.0852718714100509,0.914728128589949
0.428912340194311,0.571087659805689
0.428912340194311,0.571087659805689
0.428912340194311,0.571087659805689
0.428912340194311,0.571087659805689
0.672223786003999,0.327776213996001
0.428912340194311,0.571087659805689
0.428912340194311,0.571087659805689
0.407306130811661,0.592693869188339
0.407306130811661,0.592693869188339
0.407306130811661,0.592693869188339
0.0574875118412629,0.942512488158737
0.481218070206875,0.518781929793125
1,0
0.0574875118412629,0.942512488158737
0.407306130811661,0.592693869188339
0.407306130811661,0.592693869188339
0.407306130811661,0.592693869188339
0.407306130811661,0.592693869188339
0.5,0.5
0.5,0.5
0,1
0.53939266566116,0.46060733433884
0.407306130811661,0.592693869188339
0.407306130811661,0.592693869188339
0.481218070206875,0.518781929793125
0.407306130811661,0.592693869188339
0.407306130811661,0.592693869188339
0.407306130811661,0.592693869188339
0.407306130811661,0.592693869188339
0.07606654104082,0.92393345895918
1,0
0.407306130811661,0.592693869188339
0,1
0.407306130811661,0.592693869188339
0.407306130811661,0.592693869188339
0.407306130811661,0.592693869188339
0.826178216477087,0.173821783522913
0.407306130811661,0.592693869188339
0.407306130811661,0.592693869188339
0.407306130811661,0.592693869188339
0.407306130811661,0.592693869188339
0.407306130811661,0.592693869188339
0.858833735889882,0.138813829409179
0.0574875118412629,0.942512488158737
0.407306130811661,0.592693869188339
0.857152834697695,0.142847165302305
0.407306130811661,0.592693869188339
0.407306130811661,0.592693869188339
0.53939266566116,0.46060733433884
0.407306130811661,0.592693869188339
0,1
0.593053881492992,0.406946118507008
0.407306130811661,0.592693869188339
0.481218070206875,0.518781929793125
0.593053881492992,0.406946118507008
0.0574875118412629,0.942512488158737
0.407306130811661,0.592693869188339
0.407306130811661,0.592693869188339
0.407306130811661,0.592693869188339
0,1
0.407306130811661,0.592693869188339
0.407306130811661,0.592693869188339
0.407306130811661,0.592693869188339
0.407306130811661,0.592693869188339
0.407306130811661,0.592693869188339
0.407306130811661,0.592693869188339
0.407306130811661,0.592693869188339
0.407306130811661,0.592693869188339
0.407306130811661,0.592693869188339
1,0
0.407306130811661,0.592693869188339
0.407306130811661,0.592693869188339
0.407306130811661,0.592693869188339
0.0574875118412629,0.942512488158737
0.407306130811661,0.592693869188339
0.407306130811661,0.592693869188339
0.407306130811661,0.592693869188339
0.407306130811661,0.592693869188339
0.778824649282999,0.221175350717001
0.407306130811661,0.592693869188339
0.407306130811661,0.592693869188339
0.778824649282999,0.221175350717001
0.407306130811661,0.592693869188339
0.407306130811661,0.592693869188339
0.407306130811661,0.592693869188339
0.407306130811661,0.592693869188339
0.407306130811661,0.592693869188339
0.407306130811661,0.592693869188339
0.407306130811661,0.592693869188339
0.407306130811661,0.592693869188339
0.238115634460716,0.761884365539284
0.407306130811661,0.592693869188339
0.407306130811661,0.592693869188339
0.679965788180972,0.320034211819028
0.407306130811661,0.592693869188339
0.407306130811661,0.592693869188339
0.407306130811661,0.592693869188339
0.407306130811661,0.592693869188339
0.407306130811661,0.592693869188339
0.407306130811661,0.592693869188339
0.407306130811661,0.592693869188339
0,1
0.923050919024619,0.0745966462744418
0.376450044810433,0.462670367234335
0.0574875118412629,0.942512488158737
0.739714551562144,0.257933013736917
0.407306130811661,0.592693869188339
